DATE,UNRATENSA,LNU01300000,LNU03008636,LNU03008275
1948-01-01,4.0,57.2,124,8.4
1948-02-01,4.7,57.7,134,8.5
1948-03-01,4.5,57.6,114,9.3
1948-04-01,4.0,58.2,110,9.4
1948-05-01,3.4,58.1,121,10.1
1948-06-01,3.9,60.3,126,8.3
1948-07-01,3.9,60.4,114,7.8
1948-08-01,3.6,60,127,8.6
1948-09-01,3.4,59.4,136,8.8
1948-10-01,2.9,59.1,127,9.3
1948-11-01,3.3,59,75,7.3
1948-12-01,3.6,58.7,85,7.9
1949-01-01,5.0,57.5,100,7.7
1949-02-01,5.8,57.7,145,8.4
1949-03-01,5.6,58.1,120,8.9
1949-04-01,5.4,58,160,9.8
1949-05-01,5.7,58.9,221,10.1
1949-06-01,6.4,59.8,261,9.3
1949-07-01,7.0,60.1,327,9.8
1949-08-01,6.3,60,329,10.7
1949-09-01,5.9,59.5,368,12
1949-10-01,6.1,59.3,349,10.9
1949-11-01,5.7,59.6,335,11
1949-12-01,6.0,58.7,361,11.5
1950-01-01,7.6,58.2,396,10.8
1950-02-01,7.9,58.2,448,11.9
1950-03-01,7.1,58.2,449,13.4
1950-04-01,6.0,58.6,475,14
1950-05-01,5.3,59,481,14.1
1950-06-01,5.6,60.5,439,12.2
1950-07-01,5.3,60,361,11.3
1950-08-01,4.1,60.4,285,11.9
1950-09-01,4.0,59.6,299,12.4
1950-10-01,3.3,59.7,257,12.2
1950-11-01,3.8,59.7,204,10.2
1950-12-01,3.9,58.9,194,10.4
1951-01-01,4.4,58,183,10.1
1951-02-01,4.2,58,213,10.9
1951-03-01,3.8,59,168,11.1
1951-04-01,3.2,58.5,145,11.8
1951-05-01,2.9,59.3,153,11
1951-06-01,3.4,59.8,116,8
1951-07-01,3.3,60.3,134,8.3
1951-08-01,2.9,60.2,112,8.8
1951-09-01,3.0,59.6,116,9.2
1951-10-01,2.8,59.9,90,8.8
1951-11-01,3.2,59.6,122,9.2
1951-12-01,2.9,59.2,92,9
1952-01-01,3.7,58.3,108,8.9
1952-02-01,3.8,58.3,94,8.9
1952-03-01,3.3,58.1,96,9.2
1952-04-01,3.0,58.2,126,10.1
1952-05-01,2.9,59.1,100,8.6
1952-06-01,3.2,60,66,6.6
1952-07-01,3.3,59.7,70,6.8
1952-08-01,3.1,59.6,58,7.4
1952-09-01,2.7,59.6,60,8
1952-10-01,2.4,59.2,78,9
1952-11-01,2.5,59.6,54,9
1952-12-01,2.5,58.9,96,8.6
1953-01-01,3.4,58.4,92,8.9
1953-02-01,3.2,58.3,86,8.5
1953-03-01,2.9,58.7,96,9.5
1953-04-01,2.8,58.5,76,8.9
1953-05-01,2.5,58.6,58,8.7
1953-06-01,2.7,59.7,88,7.4
1953-07-01,2.7,59.7,74,7.2
1953-08-01,2.4,59.5,62,7.7
1953-09-01,2.6,58.9,62,7
1953-10-01,2.5,59,58,7.2
1953-11-01,3.2,58.9,77,7.4
1953-12-01,4.2,58,105,7.8
1954-01-01,5.7,57.7,157,8.4
1954-02-01,6.3,58.4,160,9.6
1954-03-01,6.4,58.5,267,11.8
1954-04-01,6.1,58.6,307,12.4
1954-05-01,5.7,58.9,375,12.8
1954-06-01,5.7,59.3,293,10.9
1954-07-01,5.7,59.3,339,11.4
1954-08-01,5.4,59.3,400,12.5
1954-09-01,5.3,59.3,383,12.6
1954-10-01,4.6,59,391,13.2
1954-11-01,4.9,58.8,352,12.3
1954-12-01,4.8,57.9,376,13.3
1955-01-01,5.8,57.8,459,12.9
1955-02-01,5.7,57.7,450,14.3
1955-03-01,5.2,57.8,447,15
1955-04-01,4.9,58.5,447,16.2
1955-05-01,4.2,58.9,409,15.8
1955-06-01,4.4,59.7,311,11.9
1955-07-01,4.0,60.3,306,12.7
1955-08-01,3.8,60.4,265,12.1
1955-09-01,3.5,60,216,11.4
1955-10-01,3.4,60.3,213,11.5
1955-11-01,3.8,60.2,228,10.5
1955-12-01,3.9,59.7,275,11.9
1956-01-01,4.7,59,270,11.2
1956-02-01,4.8,58.7,283,12.6
1956-03-01,4.7,59,281,12.9
1956-04-01,4.1,59.4,231,12.4
1956-05-01,4.2,60.3,222,11.3
1956-06-01,4.7,61.2,175,9
1956-07-01,4.4,61.2,213,9.7
1956-08-01,3.7,60.8,233,11.9
1956-09-01,3.4,60.3,209,11.6
1956-10-01,3.1,60.3,211,11.5
1956-11-01,3.9,60,204,10.1
1956-12-01,4.0,59.4,247,11.3
1957-01-01,4.9,58.4,188,9.9
1957-02-01,4.7,58.7,227,10.7
1957-03-01,4.3,59,253,12
1957-04-01,4.0,59.1,267,12
1957-05-01,3.9,59.7,260,11.2
1957-06-01,4.6,60.9,247,8.9
1957-07-01,4.1,61,260,9.4
1957-08-01,3.7,60.1,232,10.4
1957-09-01,3.7,59.7,193,9.7
1957-10-01,3.6,60,255,11.2
1957-11-01,4.6,59.6,243,9.7
1957-12-01,5.0,59.2,246,10.3
1958-01-01,6.8,58.3,309,10
1958-02-01,7.7,58.6,353,10.9
1958-03-01,7.7,58.9,401,12.3
1958-04-01,7.5,59.2,585,13.8
1958-05-01,7.1,59.8,605,14.1
1958-06-01,7.6,60.6,689,12.6
1958-07-01,7.4,60.6,872,13.7
1958-08-01,6.7,60.3,971,15.8
1958-09-01,6.0,59.5,888,16.4
1958-10-01,5.5,59.8,811,16.6
1958-11-01,5.6,59.2,735,15.4
1958-12-01,6.0,58.8,782,15.6
1959-01-01,7.0,58.2,818,15.4
1959-02-01,7.0,58.2,737,15.4
1959-03-01,6.4,58.7,777,16.8
1959-04-01,5.2,59,723,16.8
1959-05-01,4.9,59.4,605,15.8
1959-06-01,5.4,60.5,540,13
1959-07-01,5.2,60.5,515,13.4
1959-08-01,4.8,59.9,493,13.8
1959-09-01,4.7,59.3,396,13.7
1959-10-01,4.7,59.7,393,13.1
1959-11-01,5.3,59.1,428,12.4
1959-12-01,5.1,59,430,12.9
1960-01-01,6.1,57.9,469,12.7
1960-02-01,5.7,58.1,431,13.1
1960-03-01,6.1,58,502,14.2
1960-04-01,5.2,59.1,499,14.3
1960-05-01,4.8,59.6,411,12.8
1960-06-01,5.8,61,396,10.3
1960-07-01,5.5,60.6,416,11.8
1960-08-01,5.2,60.2,414,12.3
1960-09-01,4.7,59.7,417,12.9
1960-10-01,5.0,59.6,500,13.8
1960-11-01,5.6,59.7,499,13.2
1960-12-01,6.4,59.1,499,12.2
1961-01-01,7.7,58.5,643,13
1961-02-01,8.1,58.8,674,13.6
1961-03-01,7.7,59.2,799,15.4
1961-04-01,7.0,58.9,923,17.5
1961-05-01,6.6,59.4,907,16.9
1961-06-01,7.3,61,928,13.9
1961-07-01,6.9,60.5,1026,16.1
1961-08-01,6.2,60.1,913,17.1
1961-09-01,5.8,58.8,760,16.1
1961-10-01,5.5,59.3,723,16.2
1961-11-01,5.6,59,689,16.1
1961-12-01,5.8,58.4,661,15.6
1962-01-01,6.7,57.7,672,14.5
1962-02-01,6.5,58.1,703,16.1
1962-03-01,6.2,58.4,734,16.5
1962-04-01,5.5,58.3,719,16.9
1962-05-01,5.1,59,666,16.8
1962-06-01,5.9,60.1,584,12.8
1962-07-01,5.3,59.7,576,13.5
1962-08-01,5.3,59.8,593,14.5
1962-09-01,4.9,58.9,477,14
1962-10-01,4.5,58.8,447,14.4
1962-11-01,5.3,58.5,397,12.6
1962-12-01,5.3,58,453,13.5
1963-01-01,6.6,57.5,541,13.1
1963-02-01,6.9,57.9,619,14.3
1963-03-01,6.3,58.1,691,16
1963-04-01,5.6,58.4,681,16.6
1963-05-01,5.5,58.9,643,15.7
1963-06-01,6.2,60,514,11.7
1963-07-01,5.6,59.9,557,12.8
1963-08-01,5.2,59.4,510,13.9
1963-09-01,4.8,58.7,503,14
1963-10-01,4.7,58.8,476,14.2
1963-11-01,5.3,58.7,463,12.6
1963-12-01,5.3,58,436,13.3
1964-01-01,6.4,57.5,501,12.8
1964-02-01,6.2,57.9,510,13.4
1964-03-01,5.9,58.1,581,15
1964-04-01,5.3,58.7,543,14.2
1964-05-01,4.8,59.2,529,14.7
1964-06-01,5.9,60.2,522,11.3
1964-07-01,4.9,59.8,535,13.3
1964-08-01,4.8,59.5,494,13.1
1964-09-01,4.5,58.5,410,12.5
1964-10-01,4.4,58.6,390,12.8
1964-11-01,4.5,58.4,387,13.3
1964-12-01,4.7,58.1,387,12.8
1965-01-01,5.5,57.4,389,11.7
1965-02-01,5.7,57.9,434,12.8
1965-03-01,5.1,58,417,13.4
1965-04-01,4.7,58.4,423,13.1
1965-05-01,4.3,59,363,12
1965-06-01,5.3,60.3,378,9.5
1965-07-01,4.5,60.5,337,10.5
1965-08-01,4.2,59.8,316,11.9
1965-09-01,3.8,58.5,314,11.6
1965-10-01,3.6,58.9,302,12.3
1965-11-01,3.9,58.7,274,11.1
1965-12-01,3.7,58.6,266,11.6
1966-01-01,4.4,57.8,293,11.5
1966-02-01,4.2,57.9,281,11.4
1966-03-01,4.0,58,310,12.5
1966-04-01,3.6,58.6,292,12.5
1966-05-01,3.7,59,289,11
1966-06-01,4.6,60.7,235,7.9
1966-07-01,3.9,60.7,219,8.8
1966-08-01,3.6,60.4,198,9.7
1966-09-01,3.3,59,179,9.7
1966-10-01,3.2,59.3,199,10.3
1966-11-01,3.4,59.5,175,9.3
1966-12-01,3.5,59.2,193,9.8
1967-01-01,4.2,58.4,201,9
1967-02-01,4.2,58.7,200,9.3
1967-03-01,3.9,58.5,206,10.1
1967-04-01,3.5,58.8,213,10.3
1967-05-01,3.2,58.8,153,9.5
1967-06-01,4.6,60.9,154,7
1967-07-01,4.1,61.2,171,7.7
1967-08-01,3.7,60.8,201,8.6
1967-09-01,3.7,59.5,144,7.7
1967-10-01,3.8,59.8,156,8.3
1967-11-01,3.7,59.7,156,8.6
1967-12-01,3.5,59.6,168,9
1968-01-01,4.0,58.2,187,9.1
1968-02-01,4.2,59,178,8.8
1968-03-01,3.8,58.9,206,9.7
1968-04-01,3.2,59,182,10.1
1968-05-01,2.9,59.4,137,9
1968-06-01,4.5,61.3,167,6.7
1968-07-01,4.0,61.3,179,7.8
1968-08-01,3.5,60.6,153,8
1968-09-01,3.3,59.3,118,7.5
1968-10-01,3.2,59.5,118,8
1968-11-01,3.3,59.6,112,7.8
1968-12-01,3.1,59.4,137,8.5
1969-01-01,3.7,58.7,127,7.8
1969-02-01,3.7,59.3,115,8
1969-03-01,3.5,59.3,137,9
1969-04-01,3.2,59.5,161,9.1
1969-05-01,2.9,59.4,128,8.7
1969-06-01,4.1,61.4,128,6.6
1969-07-01,3.8,61.6,179,7.3
1969-08-01,3.5,61.3,131,7.6
1969-09-01,3.7,60.1,133,7.3
1969-10-01,3.5,60.4,120,7.3
1969-11-01,3.3,60.2,124,7.7
1969-12-01,3.2,60.1,113,8.3
1970-01-01,4.2,59.5,139,7.6
1970-02-01,4.7,59.8,162,8.1
1970-03-01,4.6,60,210,9.5
1970-04-01,4.3,60.1,235,9.5
1970-05-01,4.1,59.8,243,9.5
1970-06-01,5.6,61.4,232,7.5
1970-07-01,5.3,61.9,259,8.3
1970-08-01,5.0,61.2,250,8.5
1970-09-01,5.2,60,256,8.2
1970-10-01,5.1,60.4,231,8.3
1970-11-01,5.5,60.4,284,9
1970-12-01,5.6,60.1,329,10.1
1971-01-01,6.6,59.7,414,10
1971-02-01,6.6,59.6,453,10.5
1971-03-01,6.3,59.5,526,12.1
1971-04-01,5.7,59.6,520,12.5
1971-05-01,5.3,59.6,544,12.5
1971-06-01,6.5,60.8,562,10.2
1971-07-01,6.2,61.5,618,10.7
1971-08-01,5.9,61.2,550,11.1
1971-09-01,5.8,60,517,11
1971-10-01,5.4,60.2,529,12
1971-11-01,5.7,60.4,497,11.5
1971-12-01,5.5,60.2,502,11.8
1972-01-01,6.5,59.5,567,11.5
1972-02-01,6.4,59.6,659,12.5
1972-03-01,6.1,59.9,732,14
1972-04-01,5.5,59.8,759,14.2
1972-05-01,5.1,59.8,627,13.7
1972-06-01,6.2,61.5,574,11
1972-07-01,5.9,61.8,560,11
1972-08-01,5.5,61.5,540,11.5
1972-09-01,5.4,60.3,504,11.2
1972-10-01,5.1,60.5,468,11.2
1972-11-01,4.9,60.3,405,11
1972-12-01,4.8,60.2,394,11.6
1973-01-01,5.5,59.2,391,10.4
1973-02-01,5.6,59.8,377,10.6
1973-03-01,5.2,60.2,446,12
1973-04-01,4.8,60.2,378,11.4
1973-05-01,4.4,60.1,378,11.2
1973-06-01,5.4,62,342,8.6
1973-07-01,5.0,62.3,302,9
1973-08-01,4.7,61.6,339,9.6
1973-09-01,4.7,60.8,271,8.7
1973-10-01,4.2,61.2,301,9.8
1973-11-01,4.6,61.2,305,9.6
1973-12-01,4.6,61,289,9.6
1974-01-01,5.7,60.5,318,9
1974-02-01,5.8,60.6,338,9.7
1974-03-01,5.3,60.6,376,10.8
1974-04-01,4.8,60.5,391,11.2
1974-05-01,4.6,60.7,384,10.6
1974-06-01,5.8,62.3,387,8.7
1974-07-01,5.7,62.7,411,9.3
1974-08-01,5.3,62.1,395,9.6
1974-09-01,5.7,61.3,358,8.9
1974-10-01,5.5,61.5,355,9.5
1974-11-01,6.2,61.2,381,9.4
1974-12-01,6.7,61,480,10.3
1975-01-01,9.0,60.8,603,10.1
1975-02-01,9.1,60.5,727,11.8
1975-03-01,9.1,60.7,863,13
1975-04-01,8.6,60.7,1060,14.7
1975-05-01,8.3,60.8,1168,14.8
1975-06-01,9.1,62.2,1370,13.7
1975-07-01,8.7,62.7,1483,14.2
1975-08-01,8.2,62.2,1493,15.2
1975-09-01,8.1,61.1,1468,14.9
1975-10-01,7.8,61.3,1294,14.9
1975-11-01,7.8,60.9,1470,16.2
1975-12-01,7.8,60.8,1438,16.9
1976-01-01,8.8,60.7,1543,15.8
1976-02-01,8.7,60.7,1563,16.4
1976-03-01,8.1,60.8,1622,18
1976-04-01,7.4,60.9,1544,18
1976-05-01,6.8,60.9,1299,16.6
1976-06-01,8.0,62.5,1404,15.1
1976-07-01,7.8,63.1,1319,14.9
1976-08-01,7.6,62.7,1287,15.2
1976-09-01,7.4,61.5,1110,14.2
1976-10-01,7.2,61.8,1108,14.7
1976-11-01,7.4,61.8,1154,15
1976-12-01,7.4,61.6,1222,15.6
1977-01-01,8.3,61,1193,14.5
1977-02-01,8.5,61.3,1239,14.8
1977-03-01,7.9,61.5,1282,15.7
1977-04-01,6.9,61.5,1228,16.3
1977-05-01,6.4,61.6,1132,16.4
1977-06-01,7.5,63.4,1042,12.9
1977-07-01,7.0,63.4,1022,13.5
1977-08-01,6.8,63.2,899,13.4
1977-09-01,6.6,62.2,867,13.1
1977-10-01,6.4,62.6,832,13.3
1977-11-01,6.5,62.8,813,13.3
1977-12-01,6.0,62.5,791,14.1
1978-01-01,7.1,62.1,809,12.4
1978-02-01,6.9,62,695,12.6
1978-03-01,6.6,62.2,785,13.4
1978-04-01,5.8,62.4,746,13.9
1978-05-01,5.5,62.6,732,13.3
1978-06-01,6.2,64.3,636,10.8
1978-07-01,6.3,64.5,687,11.3
1978-08-01,5.9,64.1,613,11
1978-09-01,5.8,63.2,575,10.8
1978-10-01,5.4,63.6,550,11.4
1978-11-01,5.6,63.5,487,10.9
1978-12-01,5.7,63.4,467,11
1979-01-01,6.4,62.9,534,10.7
1979-02-01,6.4,63,577,11.3
1979-03-01,6.1,63.2,648,12.7
1979-04-01,5.5,62.9,603,12.4
1979-05-01,5.2,62.9,551,12.1
1979-06-01,6.0,64.5,509,9.4
1979-07-01,5.9,64.9,487,9.6
1979-08-01,5.9,64.5,537,10.2
1979-09-01,5.7,63.8,486,10
1979-10-01,5.6,64,492,10.2
1979-11-01,5.6,63.8,501,10.4
1979-12-01,5.7,63.8,501,11
1980-01-01,6.9,63.3,555,10.1
1980-02-01,6.8,63.2,534,10.7
1980-03-01,6.6,63.2,679,11.9
1980-04-01,6.7,63.2,758,12.7
1980-05-01,7.1,63.5,766,11.7
1980-06-01,7.8,64.6,748,10.4
1980-07-01,7.9,65.1,910,11
1980-08-01,7.6,64.5,933,12
1980-09-01,7.2,63.6,878,12.3
1980-10-01,7.1,63.9,987,12.9
1980-11-01,7.1,63.7,1031,13.3
1980-12-01,6.9,63.4,1062,14
1981-01-01,8.2,63.2,1284,13.8
1981-02-01,8.0,63.2,1307,14.3
1981-03-01,7.7,63.5,1326,15.1
1981-04-01,7.0,63.6,1244,15.4
1981-05-01,7.1,63.9,1233,14.5
1981-06-01,7.7,64.6,1089,12.7
1981-07-01,7.3,65,1114,12.9
1981-08-01,7.2,64.6,1166,13.9
1981-09-01,7.3,63.5,1007,13
1981-10-01,7.5,64,1053,13.3
1981-11-01,7.9,63.8,1037,12.9
1981-12-01,8.3,63.4,1089,13.2
1982-01-01,9.4,63,1205,13
1982-02-01,9.6,63.2,1337,14.3
1982-03-01,9.5,63.4,1476,15.1
1982-04-01,9.2,63.3,1646,16
1982-05-01,9.1,63.9,1740,15.9
1982-06-01,9.8,64.8,1766,14.7
1982-07-01,9.8,65.3,1849,14.4
1982-08-01,9.6,64.9,1863,15.7
1982-09-01,9.7,64,1829,15.9
1982-10-01,9.9,64.1,2077,16.9
1982-11-01,10.4,64.1,2124,16.9
1982-12-01,10.5,63.8,2403,18.3
1983-01-01,11.4,63.3,2733,18.8
1983-02-01,11.3,63.2,2832,19.4
1983-03-01,10.8,63.3,2978,20.7
1983-04-01,10.0,63.2,2961,21.3
1983-05-01,9.8,63.4,2967,21.8
1983-06-01,10.2,65.1,2842,19.8
1983-07-01,9.4,65.4,2636,20
1983-08-01,9.2,65.1,2493,19.5
1983-09-01,8.8,64.3,2240,19.4
1983-10-01,8.4,64.1,2106,19.8
1983-11-01,8.1,64.1,1970,19.6
1983-12-01,8.0,63.8,1948,19.4
1984-01-01,8.8,63.3,2088,19.8
1984-02-01,8.4,63.4,1910,19.2
1984-03-01,8.1,63.6,1923,20.2
1984-04-01,7.6,63.7,1906,20.5
1984-05-01,7.2,64.3,1809,19.9
1984-06-01,7.4,65.5,1585,17.3
1984-07-01,7.5,65.9,1608,17
1984-08-01,7.3,65.2,1483,16.9
1984-09-01,7.1,64.4,1356,16.4
1984-10-01,7.0,64.6,1319,16.3
1984-11-01,6.9,64.4,1295,17
1984-12-01,7.0,64.3,1321,17.1
1985-01-01,8.0,64,1357,15.3
1985-02-01,7.8,64,1399,16
1985-03-01,7.5,64.4,1449,17
1985-04-01,7.1,64.3,1483,17.7
1985-05-01,7.0,64.6,1317,16.1
1985-06-01,7.5,65.5,1281,14.8
1985-07-01,7.4,65.9,1272,14.7
1985-08-01,6.9,65.4,1193,15
1985-09-01,6.9,64.9,1171,14.8
1985-10-01,6.8,65.1,1110,14.9
1985-11-01,6.7,64.9,1187,15.7
1985-12-01,6.7,64.6,1145,15.5
1986-01-01,7.3,64.2,1122,14.4
1986-02-01,7.8,64.4,1234,15.3
1986-03-01,7.5,64.6,1254,15.3
1986-04-01,7.0,64.6,1253,15.8
1986-05-01,7.0,65,1237,15.4
1986-06-01,7.3,66.3,1271,14.5
1986-07-01,7.0,66.6,1208,14.4
1986-08-01,6.7,66.1,1170,15.3
1986-09-01,6.8,65.3,1190,15
1986-10-01,6.6,65.5,1128,14.8
1986-11-01,6.6,65.4,1080,15
1986-12-01,6.3,65,1092,15.4
1987-01-01,7.3,64.7,1183,14.4
1987-02-01,7.2,64.8,1163,14.7
1987-03-01,6.9,65,1188,15.6
1987-04-01,6.2,64.9,1145,16
1987-05-01,6.1,65.6,1160,15.5
1987-06-01,6.3,66.3,1067,14.2
1987-07-01,6.1,66.8,975,13.4
1987-08-01,5.8,66.5,1040,14.2
1987-09-01,5.7,65.5,957,13.9
1987-10-01,5.7,65.9,891,13.7
1987-11-01,5.6,65.7,863,14
1987-12-01,5.4,65.5,851,14.6
1988-01-01,6.3,65.1,907,13.8
1988-02-01,6.2,65.2,930,14.3
1988-03-01,5.9,65.2,891,14.3
1988-04-01,5.3,65.3,864,14.4
1988-05-01,5.4,65.5,874,14.4
1988-06-01,5.5,66.7,795,12.5
1988-07-01,5.5,67.1,788,12.7
1988-08-01,5.4,66.8,800,13.5
1988-09-01,5.2,65.9,784,13.3
1988-10-01,5.0,66.1,719,13.1
1988-11-01,5.2,66.2,653,12.5
1988-12-01,5.0,65.9,696,13.2
1989-01-01,6.0,65.8,770,12.3
1989-02-01,5.6,65.6,668,12.3
1989-03-01,5.2,65.7,699,12.9
1989-04-01,5.1,65.9,769,13.5
1989-05-01,5.0,66.2,648,12.4
1989-06-01,5.5,67.4,599,10.5
1989-07-01,5.3,67.7,616,11.2
1989-08-01,5.1,67.2,566,11.3
1989-09-01,5.1,66.3,573,11.3
1989-10-01,5.0,66.6,605,11.6
1989-11-01,5.2,66.7,616,11.6
1989-12-01,5.1,66.3,598,11.8
1990-01-01,6.0,66,686,11.7
1990-02-01,5.9,66,674,11.6
1990-03-01,5.5,66.2,671,12.4
1990-04-01,5.3,66.1,741,12.9
1990-05-01,5.2,66.5,642,12
1990-06-01,5.4,67.4,634,11.1
1990-07-01,5.6,67.7,700,11.3
1990-08-01,5.5,67.1,750,12.1
1990-09-01,5.6,66.4,727,12.1
1990-10-01,5.5,66.5,659,11.7
1990-11-01,5.9,66.3,773,12.3
1990-12-01,6.0,66.1,774,12.6
1991-01-01,7.1,65.5,918,12.1
1991-02-01,7.3,65.7,976,12.7
1991-03-01,7.2,65.9,997,13.6
1991-04-01,6.5,66,1103,14.7
1991-05-01,6.7,66,1047,13.3
1991-06-01,7.0,67.2,1111,13.1
1991-07-01,6.8,67.3,1129,13.1
1991-08-01,6.6,66.6,1190,13.8
1991-09-01,6.5,66.1,1110,13.7
1991-10-01,6.5,66.1,1066,13.9
1991-11-01,6.7,66,1272,14.7
1991-12-01,6.9,65.8,1409,15.5
1992-01-01,8.1,65.7,1705,15.9
1992-02-01,8.2,65.8,1832,16.8
1992-03-01,7.8,66,1857,17.9
1992-04-01,7.2,66,1950,18.8
1992-05-01,7.3,66.4,2003,18.4
1992-06-01,8.0,67.6,2161,17.4
1992-07-01,7.7,67.9,2168,17.2
1992-08-01,7.4,67.2,2089,17.8
1992-09-01,7.3,66.3,1983,17.7
1992-10-01,6.9,66.2,1935,18.5
1992-11-01,7.1,66.2,1844,17.8
1992-12-01,7.1,66.1,1924,19.1
1993-01-01,8.0,65.6,2039,18.1
1993-02-01,7.8,65.8,2039,18.3
1993-03-01,7.4,65.8,1905,18.4
1993-04-01,6.9,65.6,1806,18.9
1993-05-01,6.8,66.3,1800,18.1
1993-06-01,7.2,67.3,1793,16.9
1993-07-01,7.0,67.5,1804,16.8
1993-08-01,6.6,67,1771,17.8
1993-09-01,6.4,66.1,1662,17.8
1993-10-01,6.4,66.4,1626,17.9
1993-11-01,6.2,66.3,1678,18.6
1993-12-01,6.1,66.2,1651,18.3
1994-01-01,7.3,66,1788,18.1
1994-02-01,7.1,66.2,1856,18.9
1994-03-01,6.8,66.1,1898,20
1994-04-01,6.2,66,1894,20.5
1994-05-01,5.9,66.5,1718,20.1
1994-06-01,6.2,67.2,1539,17.6
1994-07-01,6.2,67.5,1611,18.1
1994-08-01,5.9,67.2,1573,18.8
1994-09-01,5.6,66.5,1480,18.6
1994-10-01,5.4,66.8,1477,19.3
1994-11-01,5.3,66.7,1374,17.9
1994-12-01,5.1,66.5,1266,17.7
1995-01-01,6.2,66.1,1387,16.5
1995-02-01,5.9,66.2,1280,16.9
1995-03-01,5.7,66.4,1434,18.2
1995-04-01,5.6,66.4,1520,19
1995-05-01,5.5,66.4,1323,17.5
1995-06-01,5.8,67.2,1189,14.8
1995-07-01,5.9,67.7,1295,15.7
1995-08-01,5.6,67.1,1237,16.2
1995-09-01,5.4,66.5,1223,16.2
1995-10-01,5.2,66.7,1147,16.2
1995-11-01,5.3,66.5,1179,16.3
1995-12-01,5.2,66.2,1126,16.2
1996-01-01,6.3,65.8,1268,15.5
1996-02-01,6.0,66.1,1247,16.3
1996-03-01,5.8,66.4,1421,18.2
1996-04-01,5.4,66.2,1427,18.9
1996-05-01,5.4,66.7,1348,17.5
1996-06-01,5.5,67.4,1302,16.2
1996-07-01,5.6,67.9,1391,16.1
1996-08-01,5.1,67.2,1268,17.3
1996-09-01,5.0,66.8,1187,16.9
1996-10-01,4.9,67.1,1130,16.7
1996-11-01,5.0,67,1079,15.8
1996-12-01,5.0,66.7,1079,15.6
1997-01-01,5.9,66.4,1223,15.3
1997-02-01,5.7,66.5,1153,15.7
1997-03-01,5.5,66.9,1164,16.3
1997-04-01,4.8,66.7,1147,16.7
1997-05-01,4.7,67,1028,15.7
1997-06-01,5.2,67.8,1016,14.2
1997-07-01,5.0,68.1,1128,15.8
1997-08-01,4.8,67.6,1084,16
1997-09-01,4.7,67,1049,16
1997-10-01,4.4,67.1,999,16.6
1997-11-01,4.3,67.1,884,15.3
1997-12-01,4.4,67,933,16
1998-01-01,5.2,66.6,1074,14.9
1998-02-01,5.0,66.7,994,15.3
1998-03-01,5.0,67,964,15.2
1998-04-01,4.1,66.6,906,15.6
1998-05-01,4.2,67,809,15
1998-06-01,4.7,67.7,751,12.8
1998-07-01,4.7,67.9,858,13.7
1998-08-01,4.5,67.3,835,13.7
1998-09-01,4.4,67,896,14.5
1998-10-01,4.2,67.1,834,14.6
1998-11-01,4.1,67.1,807,14.3
1998-12-01,4.0,67,769,14.1
1999-01-01,4.8,66.7,766,12.9
1999-02-01,4.7,66.8,816,13.8
1999-03-01,4.4,66.9,747,14.1
1999-04-01,4.1,66.7,711,14
1999-05-01,4.0,67,699,13.6
1999-06-01,4.5,67.7,782,13.1
1999-07-01,4.5,67.9,761,13.1
1999-08-01,4.2,67.3,719,13.1
1999-09-01,4.1,66.8,698,13.1
1999-10-01,3.8,67,702,13.8
1999-11-01,3.8,67,635,12.9
1999-12-01,3.7,67,661,13
2000-01-01,4.5,66.8,771,12.6
2000-02-01,4.4,67,644,12.6
2000-03-01,4.3,67.1,672,13.3
2000-04-01,3.7,67,609,13.1
2000-05-01,3.8,67,628,12.8
2000-06-01,4.1,67.7,610,11.3
2000-07-01,4.2,67.6,715,12.9
2000-08-01,4.1,67.2,719,12.9
2000-09-01,3.8,66.7,629,12.1
2000-10-01,3.6,66.9,604,13
2000-11-01,3.7,66.9,559,12.4
2000-12-01,3.7,67,630,12.8
2001-01-01,4.7,66.8,719,12.2
2001-02-01,4.6,66.8,733,12.8
2001-03-01,4.5,67,724,13.4
2001-04-01,4.2,66.7,727,13.1
2001-05-01,4.1,66.6,614,12.4
2001-06-01,4.7,67.2,699,11.8
2001-07-01,4.7,67.4,707,12.3
2001-08-01,4.9,66.8,864,13.2
2001-09-01,4.7,66.6,792,13.1
2001-10-01,5.0,66.7,872,13.5
2001-11-01,5.3,66.6,1053,14.4
2001-12-01,5.4,66.6,1108,14.7
2002-01-01,6.3,66.2,1251,14.1
2002-02-01,6.1,66.6,1250,15
2002-03-01,6.1,66.6,1392,16.2
2002-04-01,5.7,66.4,1510,17.2
2002-05-01,5.5,66.5,1557,17.1
2002-06-01,6.0,67.1,1613,15.9
2002-07-01,5.9,67.2,1584,15.9
2002-08-01,5.7,66.8,1578,16.3
2002-09-01,5.4,66.6,1549,17.5
2002-10-01,5.3,66.6,1598,18
2002-11-01,5.6,66.3,1672,17.8
2002-12-01,5.7,66.2,1865,18.8
2003-01-01,6.5,66.1,1828,17.8
2003-02-01,6.4,66.2,1943,18.6
2003-03-01,6.2,66.2,1896,18.9
2003-04-01,5.8,66.2,2005,20.6
2003-05-01,5.8,66.2,1905,19.6
2003-06-01,6.5,67,2028,18.4
2003-07-01,6.3,66.8,1956,18.4
2003-08-01,6.0,66.3,2003,19.1
2003-09-01,5.8,65.9,1973,19.5
2003-10-01,5.6,66.1,1890,19.6
2003-11-01,5.6,66.1,1939,20.1
2003-12-01,5.4,65.8,1865,20
2004-01-01,6.3,65.7,1988,19
2004-02-01,6.0,65.7,1935,20.3
2004-03-01,6.0,65.8,2071,20.8
2004-04-01,5.4,65.7,1876,21
2004-05-01,5.3,65.8,1777,20.3
2004-06-01,5.8,66.5,1777,18.8
2004-07-01,5.7,66.8,1647,17.5
2004-08-01,5.4,66.2,1643,18.7
2004-09-01,5.1,65.7,1669,19.5
2004-10-01,5.1,66,1687,19.8
2004-11-01,5.2,66.1,1671,20
2004-12-01,5.1,65.8,1608,19.5
2005-01-01,5.7,65.4,1700,18.5
2005-02-01,5.8,65.6,1687,19.2
2005-03-01,5.4,65.6,1717,20.4
2005-04-01,4.9,65.8,1677,21.1
2005-05-01,4.9,66,1516,19.1
2005-06-01,5.2,66.5,1331,16.3
2005-07-01,5.2,66.8,1359,16.5
2005-08-01,4.9,66.5,1415,18.4
2005-09-01,4.8,66.1,1426,18.2
2005-10-01,4.6,66.2,1386,18.3
2005-11-01,4.8,66.1,1350,17.8
2005-12-01,4.6,65.9,1310,17.5
2006-01-01,5.1,65.5,1200,16
2006-02-01,5.1,65.7,1396,17.9
2006-03-01,4.8,65.8,1352,17.8
2006-04-01,4.5,65.8,1396,18
2006-05-01,4.4,66,1317,17.5
2006-06-01,4.8,66.7,1112,15.1
2006-07-01,5.0,66.9,1286,16.1
2006-08-01,4.6,66.5,1306,17.2
2006-09-01,4.4,66.1,1234,17.5
2006-10-01,4.1,66.4,1050,16.7
2006-11-01,4.3,66.4,1116,16.6
2006-12-01,4.3,66.3,1052,15.9
2007-01-01,5.0,65.9,1164,15.5
2007-02-01,4.9,65.8,1279,16.7
2007-03-01,4.5,65.9,1282,18.4
2007-04-01,4.3,65.7,1261,18.3
2007-05-01,4.3,65.8,1122,17.1
2007-06-01,4.7,66.6,1108,15.1
2007-07-01,4.9,66.8,1281,16.3
2007-08-01,4.6,66.1,1248,17
2007-09-01,4.5,66,1261,16.7
2007-10-01,4.4,66,1271,17.4
2007-11-01,4.5,66.1,1358,17.6
2007-12-01,4.8,65.9,1275,16.4
2008-01-01,5.4,65.7,1411,16.6
2008-02-01,5.2,65.5,1358,16.8
2008-03-01,5.2,65.7,1357,16.9
2008-04-01,4.8,65.7,1439,18.3
2008-05-01,5.2,66,1557,17
2008-06-01,5.7,66.6,1529,15.9
2008-07-01,6.0,66.8,1661,16.3
2008-08-01,6.1,66.4,1870,17.6
2008-09-01,6.0,65.9,2018,19.1
2008-10-01,6.1,66.1,2230,20.4
2008-11-01,6.5,65.8,2192,19.2
2008-12-01,7.1,65.7,2512,19.5
2009-01-01,8.5,65.4,2742,18.8
2009-02-01,8.9,65.5,3063,19.9
2009-03-01,9.0,65.4,3334,21.2
2009-04-01,8.6,65.4,3901,23.4
2009-05-01,9.1,65.5,3969,23.1
2009-06-01,9.7,66.2,4218,22.5
2009-07-01,9.7,66.2,4934,24.1
2009-08-01,9.6,65.6,5061,25.1
2009-09-01,9.5,65,5462,27.2
2009-10-01,9.5,64.9,5526,28.1
2009-11-01,9.4,64.9,5849,29.4
2009-12-01,9.7,64.4,5896,29
2010-01-01,10.6,64.6,6423,28.9
2010-02-01,10.4,64.6,6286,29.3
2010-03-01,10.2,64.8,6711,32.1
2010-04-01,9.5,64.9,7020,35.8
2010-05-01,9.3,64.8,6641,35.1
2010-06-01,9.6,65.1,6420,32.8
2010-07-01,9.7,65.3,6541,32.6
2010-08-01,9.5,65,6273,33.1
2010-09-01,9.2,64.6,6108,34.1
2010-10-01,9.0,64.4,6099,34.9
2010-11-01,9.3,64.4,6258,34.5
2010-12-01,9.1,64.1,6200,34
2011-01-01,9.8,63.9,6307,35.5
2011-02-01,9.5,63.9,6058,36.7
2011-03-01,9.2,64,6263,39.8
2011-04-01,8.7,63.9,6101,41.4
2011-05-01,8.7,64.1,6166,41.2
2011-06-01,9.3,64.5,6058,38
2011-07-01,9.3,64.6,6218,39
2011-08-01,9.1,64.3,6038,39.7
2011-09-01,8.8,64.2,6217,41
2011-10-01,8.5,64.1,5738,39.8
2011-11-01,8.2,63.9,5618,41.1
2011-12-01,8.3,63.8,5411,39.7
2012-01-01,8.8,63.4,5597,38.2
2012-02-01,8.7,63.6,5411,39.1
2012-03-01,8.4,63.6,5385,40.2
2012-04-01,7.7,63.4,5268,42
2012-05-01,7.9,63.8,5405,41.4
2012-06-01,8.4,64.3,5217,38.2
2012-07-01,8.6,64.3,5247,37.4
2012-08-01,8.2,63.7,5033,38.7
2012-09-01,7.6,63.6,4835,40.2
2012-10-01,7.5,63.8,4915,40.9
2012-11-01,7.4,63.5,4707,40.1
2012-12-01,7.6,63.4,4618,37
2013-01-01,8.5,63.3,4764,33.6
2013-02-01,8.1,63.2,4791,36
2013-03-01,7.6,63.1,4657,37.9
2013-04-01,7.1,63.1,4488,39
2013-05-01,7.3,63.5,4366,38.6
2013-06-01,7.8,64,4245,34.1
2013-07-01,7.7,64,4322,35.3
2013-08-01,7.3,63.4,4297,36.6
2013-09-01,7.0,63.2,4087,37.6
2013-10-01,7.0,62.9,3957,36.5
2013-11-01,6.6,62.9,3989,37.9
2013-12-01,6.5,62.6,3753,36.2
2014-01-01,7.0,62.5,3690,33.3
2014-02-01,7.0,62.7,3886,36.3
2014-03-01,6.8,62.9,3795,36.2
2014-04-01,5.9,62.6,3486,37.1
2014-05-01,6.1,62.9,3366,35.9
2014-06-01,6.3,63.4,3005,31.4
2014-07-01,6.5,63.5,3207,30.8
2014-08-01,6.3,63,2967,31.2
2014-09-01,5.7,62.8,2910,32.1
2014-10-01,5.5,63,2838,33.8
2014-11-01,5.5,62.8,2770,34.1
2014-12-01,5.4,62.5,2693,32.4
2015-01-01,6.1,62.5,2853,30.3
2015-02-01,5.8,62.5,2763,31.1
2015-03-01,5.6,62.5,2635,31.3
2015-04-01,5.1,62.6,2564,32.8
2015-05-01,5.3,63,2505,31.9
2015-06-01,5.5,63.1,2052,26.2
2015-07-01,5.6,63.2,2196,26.5
2015-08-01,5.2,62.7,2183,27.6
2015-09-01,4.9,62.3,2064,26.2
2015-10-01,4.8,62.5,2090,28.9
2015-11-01,4.8,62.5,2007,29.1
2015-12-01,4.8,62.4,2025,27.6
2016-01-01,5.3,62.3,2153,27.6
2016-02-01,5.2,62.7,2248,29
2016-03-01,5.1,62.8,2305,29.1
2016-04-01,4.7,62.7,2109,29.8
2016-05-01,4.5,62.7,1894,27.8
2016-06-01,5.1,63.2,1904,25.7
2016-07-01,5.1,63.4,2027,26.3
2016-08-01,5.0,62.9,1996,26.7
2016-09-01,4.8,62.8,1921,27.2
2016-10-01,4.7,62.8,1930,27.9
2016-11-01,4.4,62.6,1799,27.1
2016-12-01,4.5,62.4,1769,25.8
2017-01-01,5.1,62.5,1908,23.7
2017-02-01,4.9,62.7,1878,25.1
2017-03-01,4.6,62.9,1761,26.1
